{"XXBTZUSD": {"rsi": [26.02], "macd": [-1313.5261801332963, -1434.8083464511947, -1620.9282041262122, -1663.7762204855535, -1777.3738192511737, -1801.0866347203992, -1729.7419790602944], "holdings": [], "price_bought": []}, "XXRPZUSD": {"rsi": [39.88], "macd": [], "holdings": [819.94096425], "price_bought": [0.488]}, "ADAUSD": {"rsi": [38.63], "macd": [], "holdings": [1022.8661733], "price_bought": [0.391058]}, "SOLUSD": {"rsi": [49.57], "macd": [], "holdings": [], "price_bought": []}, "XETHZUSD": {"rsi": [45.2], "macd": [], "holdings": [], "price_bought": []}}