{"XXBTZUSD": {"rsi": [38.85], "macd": [], "holdings": [], "price_bought": []}, "XXRPZUSD": {"rsi": [42.56], "macd": [], "holdings": [819.94096425], "price_bought": [0.488]}, "ADAUSD": {"rsi": [33.67], "macd": [-0.011510596283212216, -0.012132700193897838, -0.012642181260664354, -0.01313559223524785, -0.016590357398058142, -0.016861821785522535], "holdings": [], "price_bought": []}, "SOLUSD": {"rsi": [35.07], "macd": [], "holdings": [], "price_bought": []}, "XETHZUSD": {"rsi": [41.52], "macd": [], "holdings": [], "price_bought": []}}