{"XXBTZUSD": {"rsi": [32.02], "macd": [-1512.0187945566286, -1762.4474763934486], "holdings": []}, "XXRPZUSD": {"rsi": [42.95], "macd": [], "holdings": [471.43126532151615]}, "ADAUSD": {"rsi": [31.7], "macd": [-0.03374360164153212, -0.03144541110319388], "holdings": [495.40266328471785]}, "SOLUSD": {"rsi": [31.45], "macd": [-9.194695907264872, -8.169813375202125], "holdings": [1.64419598]}, "XETHZUSD": {"rsi": [36.75], "macd": [], "holdings": []}}
