{"XXBTZUSD": {"rsi": [61.56], "macd": [], "holdings": [0.00399181]}, "XXRPZUSD": {"rsi": [53.59], "macd": [], "holdings": [471.43126532151615]}, "ADAUSD": {"rsi": [54.65], "macd": [], "holdings": [495.40266328471785, 555.26188371]}, "SOLUSD": {"rsi": [65.22], "macd": [4.77102915816414, 5.6424592486683025, 7.573073259112846, 7.814887550412209], "holdings": [1.64419598, 1.62930135]}, "XETHZUSD": {"rsi": [69.28], "macd": [58.41005557542985, 107.22652537102022], "holdings": []}}