{"XXBTZUSD": {"rsi": [39.96], "macd": [], "holdings": [], "price_bought": []}, "XXRPZUSD": {"rsi": [44.76], "macd": [], "holdings": [819.94096425], "price_bought": [0.488]}, "ADAUSD": {"rsi": [26.69], "macd": [-0.011510596283212216, -0.012132700193897838, -0.012642181260664354, -0.01313559223524785, -0.016590357398058142, -0.016861821785522535, -0.017002699278400035, -0.017476003858341693, -0.018556999914881356], "holdings": [], "price_bought": []}, "SOLUSD": {"rsi": [34.25], "macd": [], "holdings": [], "price_bought": []}, "XETHZUSD": {"rsi": [47.13], "macd": [], "holdings": [], "price_bought": []}}