{"XXBTZUSD": {"rsi": [49.76], "macd": [], "holdings": []}, "XXRPZUSD": {"rsi": [44.72], "macd": [], "holdings": [471.43126532151615]}, "ADAUSD": {"rsi": [44.61], "macd": [], "holdings": [495.40266328471785]}, "SOLUSD": {"rsi": [34.01], "macd": [-7.533157091148041, -8.503464819081842, -9.941715554326038, -9.191920857701575, -9.398207251676553, -7.9752443795982515, -7.255770232989761], "holdings": []}, "AVAXUSD": {"rsi": [32.73], "macd": [-1.6565037236071092, -3.19355548454741, -3.7837176148988902, -4.048890950349566, -4.273015213221498, -4.240685289879572, -4.263914257196639, -3.7934687287770217, -3.469534469104566], "holdings": []}, "MATICUSD": {"rsi": [41.75], "macd": [], "holdings": [344.1629955947136]}, "XETHZUSD": {"rsi": [47.06], "macd": [], "holdings": []}}