{"XXBTZUSD": {"rsi": [26.1], "macd": [-2183.0348590775684, -2180.19497303768, -2237.198181345724], "holdings": [0.00645467], "price_bought": [61970.6]}, "XXRPZUSD": {"rsi": [30.41], "macd": [-0.010197716943308677, -0.014542247719025903, -0.014456093872872, -0.014982197373075656], "holdings": [819.94096425], "price_bought": [0.488]}, "ADAUSD": {"rsi": [36.19], "macd": [], "holdings": [1022.8661733], "price_bought": [0.391058]}, "SOLUSD": {"rsi": [47.07], "macd": [], "holdings": [], "price_bought": []}, "XETHZUSD": {"rsi": [25.12], "macd": [-104.39722640319997, -103.88668509265881, -116.91061517095159], "holdings": [], "price_bought": []}}