{"XXBTZUSD": {"rsi": [32.02], "macd": [-1512.0187945566286, -1762.4474763934486, -899.1235864713381, -854.1647032214023], "holdings": []}, "XXRPZUSD": {"rsi": [50.79], "macd": [], "holdings": [471.43126532151615]}, "ADAUSD": {"rsi": [], "macd": [], "holdings": [495.40266328471785, 555.26188371]}, "SOLUSD": {"rsi": [], "macd": [], "holdings": [1.64419598, 1.62930135]}, "XETHZUSD": {"rsi": [44.07], "macd": [], "holdings": []}}