{"XXBTZUSD": {"rsi": [44.14], "macd": [], "holdings": [0.00399181]}, "XXRPZUSD": {"rsi": [41.71], "macd": [], "holdings": [471.43126532151615]}, "ADAUSD": {"rsi": [38.46], "macd": [], "holdings": [495.40266328471785, 555.26188371]}, "SOLUSD": {"rsi": [48.78], "macd": [], "holdings": [1.64419598, 1.62930135]}, "XETHZUSD": {"rsi": [39.66], "macd": [], "holdings": []}}