{"XXBTZUSD": {"rsi": [58.31], "macd": [], "holdings": [0.00399181]}, "XXRPZUSD": {"rsi": [52.67], "macd": [], "holdings": [471.43126532151615]}, "ADAUSD": {"rsi": [45.83], "macd": [], "holdings": [495.40266328471785, 555.26188371]}, "SOLUSD": {"rsi": [51.95], "macd": [4.77102915816414, 5.6424592486683025, 7.573073259112846, 7.814887550412209], "holdings": [1.64419598, 1.62930135]}, "XETHZUSD": {"rsi": [71.54], "macd": [58.41005557542985, 107.22652537102022, 137.78169736961127, 150.42880180916245, 166.31593517891997, 180.66353215885283], "holdings": []}}