{"XXBTZUSD": {"rsi": [55.74], "macd": [], "holdings": [0.00399181]}, "XXRPZUSD": {"rsi": [47.79], "macd": [], "holdings": [471.43126532151615]}, "ADAUSD": {"rsi": [43.9], "macd": [], "holdings": [495.40266328471785, 555.26188371]}, "SOLUSD": {"rsi": [53.55], "macd": [4.77102915816414, 5.6424592486683025, 7.573073259112846, 7.814887550412209], "holdings": [1.64419598, 1.62930135]}, "XETHZUSD": {"rsi": [71.54], "macd": [58.41005557542985, 107.22652537102022, 137.78169736961127, 150.42880180916245, 166.31593517891997, 180.66353215885283, 202.65129963811432, 205.42573664188694, 194.66126328163773, 185.2301144699759], "holdings": []}}
