{"XXBTZUSD": {"rsi": [42.6], "macd": [], "holdings": [0.0007396657598364451]}, "XXRPZUSD": {"rsi": [33.05], "macd": [-0.009283336032820722, -0.010893263484997862, -0.010965764725965554], "holdings": [81.167513514391, 92.45049276112641, 91.67751517262876, 92.14551619918176]}, "ADAUSD": {"rsi": [26.31], "macd": [-0.012124663645976974, -0.012766839359257154], "holdings": [86.70184449503978, 100.51362462181748, 97.95854394420282]}, "SOLUSD": {"rsi": [31.77], "macd": [-3.4351336791623623, -4.236925933437647, -4.467104530473165], "holdings": [0.2857959416976279, 0.29436006122689273, 0.32475967783839954]}, "AVAXUSD": {"rsi": [34.4], "macd": [-1.2278476021815763, -1.132401668004185, -1.1460686777009315, -1.3172712465720195, -1.3932362073279805], "holdings": [1.062473438164046, 1.2840267077555214, 1.3051422605063951, 1.2953367875647668]}, "MATICUSD": {"rsi": [34.85], "macd": [-0.017875036683184575, -0.016882590378433204, -0.017557284281425445, -0.020847579018117623, -0.022099420306075923], "holdings": [56.83109797681291, 64.96037417175522, 65.34239414532149]}, "XETHZUSD": {"rsi": [33.3], "macd": [-31.284134550687213, -32.17208538198338], "holdings": [0.01536268220141091]}}