{"XXBTZUSD": {"rsi": [], "macd": [], "holdings": []}, "XXRPZUSD": {"rsi": [40.83], "macd": [], "holdings": []}, "ADAUSD": {"rsi": [39.69], "macd": [], "holdings": []}, "SOLUSD": {"rsi": [24.84], "macd": [-3.458883137374613, -3.4038404023318947], "holdings": [0.29069767441860467]}, "AVAXUSD": {"rsi": [31.71], "macd": [-0.4987387974442754, -0.5035251222305988], "holdings": [1.1155734047300312]}, "MATICUSD": {"rsi": [35.9], "macd": [], "holdings": []}, "XETHZUSD": {"rsi": [40.0], "macd": [], "holdings": []}}