{"XXBTZUSD": {"rsi": [65.02], "macd": [326.0913162668585, 325.1000087384891, 367.00682790845167, 352.46869700038224, 321.575970995822], "holdings": []}, "XXRPZUSD": {"rsi": [47.73], "macd": [], "holdings": []}, "ADAUSD": {"rsi": [47.19], "macd": [], "holdings": []}, "SOLUSD": {"rsi": [45.89], "macd": [], "holdings": []}, "AVAXUSD": {"rsi": [53.09], "macd": [], "holdings": []}, "MATICUSD": {"rsi": [67.38], "macd": [0.0038623915732575176, 0.004002903951653369, 0.004339418104757242, 0.0047760694761685984, 0.00469540918997724, 0.004297570790716465], "holdings": [56.401579244218844]}, "XETHZUSD": {"rsi": [49.94], "macd": [], "holdings": []}}