{"XXBTZUSD": {"rsi": [26.28], "macd": [-348.44001391714846, -415.6076251357008, -517.6824765344791, -550.4817430518742, -563.3085223259695, -308.2617223472771, -317.2325528116053, -282.22063007087854, -371.53781412648095, -436.62982555440976, -355.34017147695704, -362.06408556383394, -301.15291301740217, -219.65476592507912], "holdings": []}, "XXRPZUSD": {"rsi": [34.43], "macd": [-0.0022496428633701493, -0.0025909435173155915, -0.0025638927703554026, -0.002628286900273946, -0.0022084851826126295, -0.001287074203857097], "holdings": []}, "ADAUSD": {"rsi": [34.84], "macd": [-0.006101463927678186, -0.006605058401094488, -0.006518003544002116, -0.007647808829214009, -0.007982540654108639, -0.007579192291024106, -0.007655269443617274, -0.0069691707662951075, -0.005985058570903812], "holdings": []}, "SOLUSD": {"rsi": [34.35], "macd": [-1.4782509623404962, -1.4642691365395137, -1.9427624149776932, -2.132236893842446, -1.9993227411445105, -2.004350072759223, -1.780560295744067], "holdings": [0.2857959416976279]}, "AVAXUSD": {"rsi": [25.58], "macd": [-0.4914186108363623, -0.4983264240320793, -0.5440501305716055, -0.5674076876564129, -0.5719098248480066, -0.30773300062805475, -0.31261964005164344, -0.24190661739542207, -0.3466738562756575, -0.3802538405185132, -0.35089816635152715, -0.35794504523622805, -0.2957329295945925], "holdings": []}, "MATICUSD": {"rsi": [32.76], "macd": [-0.0016574070803284657, -0.003550760806588782, -0.005426530485851178, -0.006364540887460746, -0.007033918884468471, -0.010310996674619877, -0.01066647383805519, -0.009742480558227795, -0.011154487814345027, -0.011681057399862804, -0.011223432256014076, -0.011449213167715744, -0.01101977190680492], "holdings": []}, "XETHZUSD": {"rsi": [27.62], "macd": [-21.806689001407904, -24.516102322715142, -21.643205456440683, -23.083173066460404, -20.605769300027987], "holdings": [0.014202971829825673]}}