{"XXBTZUSD": {"rsi": [66.63], "macd": [217.2350429525104, 288.30621647438966, 305.22223417123314, 358.7227397792303, 404.6971975934139, 415.47260099995765, 415.73980241888785, 429.9565842174634, 416.96399989479687, 413.0216726604849], "holdings": []}, "XXRPZUSD": {"rsi": [59.77], "macd": [], "holdings": []}, "ADAUSD": {"rsi": [66.58], "macd": [0.002776524468278918, 0.0027696192595210167], "holdings": []}, "SOLUSD": {"rsi": [66.68], "macd": [0.7546331045021191, 0.9834568719290644, 1.061498451970607, 1.1000181043025066, 1.155911189771757, 1.1451478093160858, 1.0330610338616282], "holdings": [0.29069767441860467, 0.28566531451751126]}, "AVAXUSD": {"rsi": [60.49], "macd": [], "holdings": []}, "MATICUSD": {"rsi": [57.25], "macd": [], "holdings": [56.401579244218844]}, "XETHZUSD": {"rsi": [66.22], "macd": [14.35330411880659, 14.73845802651158, 15.305737722877893, 16.184958321158774, 16.576779221688412, 16.503917429952708], "holdings": []}}