{"XXBTZUSD": {"rsi": [50.21], "macd": [], "holdings": [0.00077543, 0.00079133, 0.00077443]}, "XXRPZUSD": {"rsi": [52.71], "macd": [], "holdings": [93.4265107, 95.14928923, 94.9956302]}, "ADAUSD": {"rsi": [47.25], "macd": [], "holdings": [105.11422763, 104.78357999, 107.44924097]}, "SOLUSD": {"rsi": [41.79], "macd": [], "holdings": [0.3396047, 0.33965083]}, "AVAXUSD": {"rsi": [43.19], "macd": [], "holdings": [1.42816338]}, "MATICUSD": {"rsi": [50.05], "macd": [], "holdings": [70.32348804, 71.44898542]}, "XETHZUSD": {"rsi": [46.96], "macd": [], "holdings": [0.01582799, 0.01588521]}}