{"XXBTZUSD": {"rsi": [65.93], "macd": [347.8674542243534, 303.5224368839845, 320.5359554417664, 360.13383368421637, 358.336478913232], "holdings": []}, "XXRPZUSD": {"rsi": [72.38], "macd": [0.0032299767891158515, 0.0043671999325131106, 0.004374672560260917], "holdings": []}, "ADAUSD": {"rsi": [66.87], "macd": [0.004285410907389431, 0.004252768796056072], "holdings": []}, "SOLUSD": {"rsi": [68.71], "macd": [0.8397926353842706, 1.1047747888011088, 1.1880245883569955, 1.1764537438027958, 1.333798109295799, 1.312154229244186, 1.3624359634846996, 1.3922995547285097, 1.3960735059949059, 1.1984948616947122, 1.2510823778114855, 1.2601489465465079, 1.2864664393119938], "holdings": []}, "AVAXUSD": {"rsi": [65.21], "macd": [0.46148955987677454, 0.4493372750731055], "holdings": []}, "MATICUSD": {"rsi": [59.41], "macd": [], "holdings": []}, "XETHZUSD": {"rsi": [56.4], "macd": [], "holdings": []}}