{"XXBTZUSD": {"rsi": [19.71], "macd": [-807.7821356688655, -1131.1908183572232, -1232.4651196008926, -1024.3425240020078, -1175.15315342971], "holdings": [0.0007396657598364451]}, "XXRPZUSD": {"rsi": [33.05], "macd": [-0.009283336032820722, -0.010893263484997862, -0.010965764725965554, -0.01086086564729849, -0.01827131784381364, -0.024204684358824946, -0.02519290804225016, -0.024144412073478005, -0.024354959813050747], "holdings": [81.167513514391, 92.45049276112641, 91.67751517262876, 92.14551619918176]}, "ADAUSD": {"rsi": [26.31], "macd": [-0.012124663645976974, -0.012766839359257154, -0.012894747251757821, -0.019240082144998616, -0.02345838910061171, -0.02376148489198754, -0.02255286967355752, -0.023030269102290724], "holdings": [86.70184449503978, 100.51362462181748, 97.95854394420282]}, "SOLUSD": {"rsi": [31.77], "macd": [-3.4351336791623623, -4.236925933437647, -4.467104530473165, -4.471333183796361, -6.122999801534604, -7.05148113330813, -6.862776342261611, -5.73495929580659], "holdings": [0.2857959416976279, 0.29436006122689273, 0.32475967783839954]}, "AVAXUSD": {"rsi": [34.4], "macd": [-1.2278476021815763, -1.132401668004185, -1.1460686777009315, -1.3172712465720195, -1.3932362073279805, -1.3905282277002229, -1.9313328529446494, -2.242008700755825, -2.2607082729517742, -2.0415566572261667], "holdings": [1.062473438164046, 1.2840267077555214, 1.3051422605063951, 1.2953367875647668]}, "MATICUSD": {"rsi": [34.85], "macd": [-0.017875036683184575, -0.016882590378433204, -0.017557284281425445, -0.020847579018117623, -0.022099420306075923, -0.0223531389788989, -0.03236414853050862, -0.03902673919480748, -0.04056885835002488, -0.03958442132706186], "holdings": [56.83109797681291, 64.96037417175522, 65.34239414532149]}, "XETHZUSD": {"rsi": [33.3], "macd": [-31.284134550687213, -32.17208538198338, -31.99113722502534, -61.77661739552423, -80.2476306392, -88.0024163952271, -80.59444846056522], "holdings": [0.01536268220141091]}}