{"XXBTZUSD": {"rsi": [32.75], "macd": [-65.24663675521151, -279.7769920570281, -443.9924257683015, -510.6890968440275, -556.8142799481866, -592.7030052838818, -1179.7951482350618], "holdings": []}, "XXRPZUSD": {"rsi": [19.88], "macd": [-0.006487984367454347, -0.009499619449381158, -0.012678992754598273, -0.014729321749156865, -0.016193167322358204, -0.01717966489163647, -0.02757029747004902], "holdings": []}, "ADAUSD": {"rsi": [18.83], "macd": [-0.011347694017406318, -0.015775487582152747, -0.0194349734732725, -0.020885841703918495, -0.021654811681522834, -0.02282386731814423, -0.032576122601335356], "holdings": [351.1279106309242, 340.16671570736816]}, "SOLUSD": {"rsi": [24.9], "macd": [-3.0471148201136202, -4.395046627699344, -5.197006938589084, -5.7395371231399395, -6.09401132337274, -6.4992547084058, -9.278631635415337], "holdings": [1.1378506002161914, 1.1486331265793706]}, "AVAXUSD": {"rsi": [31.63], "macd": [-0.661452820069627, -1.2093358472479636, -1.5931053107170285, -1.93781474980522, -2.1937891875067095, -2.332963809302605, -2.443698861620277, -3.3230592598923394], "holdings": [4.391743522178305, 4.3478260869565215]}, "MATICUSD": {"rsi": [32.19], "macd": [-0.01080694623157763, -0.020532927717486715, -0.026493471320314765, -0.03159985063159687, -0.03407379055687931, -0.03609666252501298, -0.03794967023224738, -0.05417605706561057], "holdings": [224.3409983174425, 226.29554197782304]}, "XETHZUSD": {"rsi": [26.77], "macd": [-20.831975102070828, -40.383873243524704, -53.486306584730755, -59.84823971688911, -62.84333737858833, -65.78730663302622, -105.4254682971341], "holdings": []}}