{"XXBTZUSD": {"rsi": [51.62], "macd": [], "holdings": []}, "XXRPZUSD": {"rsi": [56.6], "macd": [], "holdings": []}, "ADAUSD": {"rsi": [42.84], "macd": [], "holdings": [215.40257664, 220.19108182, 224.44774632]}, "SOLUSD": {"rsi": [73.5], "macd": [3.4006668315313107, 3.534293094816576, 3.567734443169968, 3.9281534900251245, 4.12617721546323, 3.857459650568501, 4.146382335442269, 3.8097573190745493, 3.6820795487571445], "holdings": [0.71408169, 0.73605181, 0.7684623]}, "XETHZUSD": {"rsi": [44.36], "macd": [], "holdings": [0.03414682]}}