{"XXBTZUSD": {"rsi": [44.84], "macd": [], "holdings": [0.00294823, 0.00305737, 0.00326105, 0.00176759], "price_bought": [67837.3, 65415.6, 61329.9, 56573.9]}, "XXRPZUSD": {"rsi": [45.11], "macd": [], "holdings": [234.96792687], "price_bought": [0.42559]}, "ADAUSD": {"rsi": [46.27], "macd": [], "holdings": [451.53454013, 469.39431704, 485.75640773, 505.21380648, 283.10246327], "price_bought": [0.442934, 0.426081, 0.411729, 0.395872, 0.353229]}, "SOLUSD": {"rsi": [51.8], "macd": [], "holdings": [1.23571207, 1.26143172, 1.3936311, 1.6025641, 0.74504544], "price_bought": [161.85, 158.55, 143.51, 124.8, 134.22]}, "XETHZUSD": {"rsi": [36.08], "macd": [], "holdings": [0.05425715, 0.05479031, 0.05551838, 0.05916232, 0.03354241, 0.0331014], "price_bought": [3686.15, 3650.28, 3602.41, 3380.53, 2981.3, 3021.02]}}