{"XXBTZUSD": {"rsi": [32.91], "macd": [-401.9115786962284, -547.4589247146869, -701.2404560669456, -835.7670614797316, -917.4108990553286, -1166.8269534681385, -1334.335291951793, -1652.4693988528525, -1717.919438553341, -1576.9849087229159, -1652.0000830824647, -1597.15139507188, -1415.8822319246465], "holdings": [0.00156566, 0.00156092]}, "XXRPZUSD": {"rsi": [57.08], "macd": [], "holdings": [193.43482213, 204.53662228]}, "ADAUSD": {"rsi": [54.21], "macd": [], "holdings": [215.40257664, 220.19108182, 224.44774632]}, "SOLUSD": {"rsi": [57.03], "macd": [], "holdings": [0.71408169, 0.73605181, 0.7684623]}, "XETHZUSD": {"rsi": [45.53], "macd": [], "holdings": [0.03414682]}}
