{"XXBTZUSD": {"rsi": [62.68], "macd": [], "holdings": [0.0015295875773015323, 0.0015650995325047698, 0.0016155375943675897]}, "XXRPZUSD": {"rsi": [67.13], "macd": [0.007999967888851711], "holdings": [199.66456353326413, 203.9026976326897]}, "ADAUSD": {"rsi": [64.05], "macd": [], "holdings": [351.1279106309242, 340.16671570736816, 212.09672459028215]}, "SOLUSD": {"rsi": [61.33], "macd": [], "holdings": [1.1378506002161914, 1.1486331265793706, 0.6645401382243488]}, "AVAXUSD": {"rsi": [65.24], "macd": [0.8146376954591616, 0.8233865749039211], "holdings": [4.391743522178305, 4.3478260869565215, 2.8352707683583778]}, "MATICUSD": {"rsi": [58.75], "macd": [], "holdings": [224.3409983174425, 226.29554197782304, 141.80374361883153]}, "XETHZUSD": {"rsi": [57.94], "macd": [], "holdings": [0.03198209002958343]}}