{"XXBTZUSD": {"rsi": [48.12], "macd": [], "holdings": []}, "XXRPZUSD": {"rsi": [49.53], "macd": [], "holdings": []}, "ADAUSD": {"rsi": [34.34], "macd": [-0.00626113697712255, -0.006414367763841355, -0.00619045027410986], "holdings": []}, "SOLUSD": {"rsi": [43.83], "macd": [], "holdings": []}, "AVAXUSD": {"rsi": [34.38], "macd": [-0.4769486440827393, -0.500563458085125, -0.4904563065719856], "holdings": []}, "MATICUSD": {"rsi": [52.38], "macd": [], "holdings": []}, "XETHZUSD": {"rsi": [51.38], "macd": [], "holdings": []}}