{"XXBTZUSD": {"rsi": [47.63], "macd": [], "holdings": [0.00290765]}, "XXRPZUSD": {"rsi": [42.63], "macd": [], "holdings": [374.19547971]}, "ADAUSD": {"rsi": [39.44], "macd": [-0.004310986562958363, -0.0038795307563870285, -0.003897826379707814], "holdings": [431.92066481, 436.32587434, 436.74034476]}, "SOLUSD": {"rsi": [], "macd": [], "holdings": [1.21028744]}, "XETHZUSD": {"rsi": [67.01], "macd": [], "holdings": []}}