{"XXBTZUSD": {"rsi": [39.82], "macd": [], "holdings": [0.00294823], "price_bought": [67837.3]}, "XXRPZUSD": {"rsi": [42.21], "macd": [], "holdings": [386.89958021, 404.80913249, 413.90728476], "price_bought": [0.51693, 0.49406, 0.4832]}, "ADAUSD": {"rsi": [39.49], "macd": [], "holdings": [451.53454013, 469.39431704], "price_bought": [0.442934, 0.426081]}, "SOLUSD": {"rsi": [36.49], "macd": [], "holdings": [1.23571207, 1.26143172], "price_bought": [161.85, 158.55]}, "XETHZUSD": {"rsi": [35.18], "macd": [], "holdings": [0.05425715, 0.05479031, 0.05551838], "price_bought": [3686.15, 3650.28, 3602.41]}}