{"XXBTZUSD": {"rsi": [37.38], "macd": [], "holdings": []}, "XXRPZUSD": {"rsi": [], "macd": [], "holdings": []}, "ADAUSD": {"rsi": [34.2], "macd": [-0.002888739229369386], "holdings": [351.1279106309242]}, "SOLUSD": {"rsi": [30.87], "macd": [-2.9702577198547715], "holdings": [1.1378506002161914]}, "AVAXUSD": {"rsi": [36.87], "macd": [], "holdings": [4.391743522178305, 4.3478260869565215]}, "MATICUSD": {"rsi": [34.63], "macd": [-0.007076661547616436], "holdings": [224.3409983174425]}, "XETHZUSD": {"rsi": [43.1], "macd": [], "holdings": []}}