{"XXBTZUSD": {"rsi": [69.93], "macd": [204.60429455376288, 308.86519336789934, 334.54113209037314, 363.25514119525906], "holdings": [0.00294823, 0.00305737, 0.00326105], "price_bought": [67837.3, 65415.6, 61329.9]}, "XXRPZUSD": {"rsi": [56.85], "macd": [], "holdings": [], "price_bought": []}, "ADAUSD": {"rsi": [61.68], "macd": [], "holdings": [451.53454013, 469.39431704, 485.75640773, 505.21380648], "price_bought": [0.442934, 0.426081, 0.411729, 0.395872]}, "SOLUSD": {"rsi": [62.13], "macd": [], "holdings": [1.23571207, 1.26143172, 1.3936311, 1.6025641], "price_bought": [161.85, 158.55, 143.51, 124.8]}, "XETHZUSD": {"rsi": [59.32], "macd": [], "holdings": [0.05425715, 0.05479031, 0.05551838, 0.05916232], "price_bought": [3686.15, 3650.28, 3602.41, 3380.53]}}