{"XXBTZUSD": {"rsi": [66.33], "macd": [579.1519890083, 490.58864776002883], "holdings": []}, "XXRPZUSD": {"rsi": [49.85], "macd": [], "holdings": []}, "ADAUSD": {"rsi": [47.88], "macd": [], "holdings": [351.1279106309242]}, "SOLUSD": {"rsi": [45.66], "macd": [], "holdings": [1.1378506002161914]}, "AVAXUSD": {"rsi": [53.68], "macd": [], "holdings": [4.391743522178305, 4.3478260869565215]}, "MATICUSD": {"rsi": [53.67], "macd": [], "holdings": [224.3409983174425]}, "XETHZUSD": {"rsi": [60.7], "macd": [], "holdings": []}}