{"XXBTZUSD": {"rsi": [34.64], "macd": [-440.7078018816974, -422.70324347713904], "holdings": [0.00294823, 0.00305737], "price_bought": [67837.3, 65415.6]}, "XXRPZUSD": {"rsi": [45.65], "macd": [], "holdings": [], "price_bought": []}, "ADAUSD": {"rsi": [33.53], "macd": [-0.004097857699508378, -0.004575891689318545, -0.0037235419107828904, -0.004660103925572534, -0.006956012648440646, -0.008399457066232907, -0.009853262560558573, -0.01088368376415888, -0.010814601143076252], "holdings": [451.53454013, 469.39431704, 485.75640773], "price_bought": [0.442934, 0.426081, 0.411729]}, "SOLUSD": {"rsi": [31.02], "macd": [-2.2467058359022474, -2.5444042300200067, -2.8516763621720713, -3.0799755557134176, -3.0289214246593303], "holdings": [1.23571207, 1.26143172, 1.3936311], "price_bought": [161.85, 158.55, 143.51]}, "XETHZUSD": {"rsi": [37.21], "macd": [], "holdings": [0.05425715, 0.05479031, 0.05551838], "price_bought": [3686.15, 3650.28, 3602.41]}}