{"XXBTZUSD": {"rsi": [42.76], "macd": [-440.7078018816974, -422.70324347713904], "holdings": [0.00294823, 0.00305737], "price_bought": [67837.3, 65415.6]}, "XXRPZUSD": {"rsi": [44.16], "macd": [], "holdings": [], "price_bought": []}, "ADAUSD": {"rsi": [39.77], "macd": [], "holdings": [451.53454013, 469.39431704, 485.75640773, 505.21380648], "price_bought": [0.442934, 0.426081, 0.411729, 0.395872]}, "SOLUSD": {"rsi": [44.65], "macd": [-2.2467058359022474, -2.5444042300200067, -2.8516763621720713, -3.0799755557134176, -3.0289214246593303], "holdings": [1.23571207, 1.26143172, 1.3936311], "price_bought": [161.85, 158.55, 143.51]}, "XETHZUSD": {"rsi": [46.57], "macd": [], "holdings": [0.05425715, 0.05479031, 0.05551838], "price_bought": [3686.15, 3650.28, 3602.41]}}