{"XXBTZUSD": {"rsi": [42.91], "macd": [], "holdings": []}, "XXRPZUSD": {"rsi": [41.66], "macd": [], "holdings": [197.53476611]}, "ADAUSD": {"rsi": [39.92], "macd": [], "holdings": [215.40257664, 220.19108182, 224.44774632]}, "SOLUSD": {"rsi": [49.03], "macd": [], "holdings": []}, "XETHZUSD": {"rsi": [39.63], "macd": [], "holdings": [0.03414682, 0.03428673]}}