{"XXBTZUSD": {"rsi": [66.33], "macd": [579.1519890083], "holdings": []}, "XXRPZUSD": {"rsi": [56.24], "macd": [], "holdings": []}, "ADAUSD": {"rsi": [56.34], "macd": [], "holdings": [351.1279106309242]}, "SOLUSD": {"rsi": [52.83], "macd": [], "holdings": [1.1378506002161914]}, "AVAXUSD": {"rsi": [58.39], "macd": [], "holdings": [4.391743522178305, 4.3478260869565215]}, "MATICUSD": {"rsi": [57.94], "macd": [], "holdings": [224.3409983174425]}, "XETHZUSD": {"rsi": [60.18], "macd": [], "holdings": []}}