{"XXBTZUSD": {"rsi": [66.31], "macd": [569.0578080293053, 573.5538269233803, 594.6971768211224, 522.3014934469684, 459.5957570123137], "holdings": []}, "XXRPZUSD": {"rsi": [45.86], "macd": [], "holdings": []}, "ADAUSD": {"rsi": [42.69], "macd": [], "holdings": []}, "SOLUSD": {"rsi": [28.6], "macd": [-2.295808883036159, -2.379276979699597, -2.6669627383455747, -2.7831881924300887], "holdings": []}, "AVAXUSD": {"rsi": [32.77], "macd": [-0.3946594204633911, -0.3506017179420198, -0.3908215656066716, -0.41057909450432106], "holdings": []}, "MATICUSD": {"rsi": [39.34], "macd": [], "holdings": []}, "XETHZUSD": {"rsi": [42.15], "macd": [], "holdings": []}}