{"XXBTZUSD": {"rsi": [42.87], "macd": [-148.1017174188746], "holdings": []}, "XXRPZUSD": {"rsi": [33.66], "macd": [-0.0040984209385450665, -0.0040984209385450665], "holdings": []}, "ADAUSD": {"rsi": [35.29], "macd": [-0.003706860796447886], "holdings": []}, "SOLUSD": {"rsi": [40.61], "macd": [0.0749151838639932], "holdings": []}, "AVAXUSD": {"rsi": [31.94], "macd": [-0.6008658680212307, -0.6008658680212307], "holdings": []}, "MATICUSD": {"rsi": [32.4], "macd": [-0.006133791032091218, -0.006133791032091218], "holdings": []}, "XETHZUSD": {"rsi": [], "macd": [], "holdings": []}}