{"XXBTZUSD": {"rsi": [79.76], "macd": [604.3377251670026, 611.4294630587538, 611.4294630587538, 617.5400043692789, 617.5400043692789], "holdings": []}, "XXRPZUSD": {"rsi": [70.76], "macd": [0.005274222243196736, 0.005275817684792239, 0.005348410277384863, 0.00535798292695755, 0.005359578368552942], "holdings": []}, "ADAUSD": {"rsi": [65.27], "macd": [0.0031464204423844455, 0.003183354915318959, 0.003183354915318959, 0.003227947507911555, 0.0032399133198773855], "holdings": []}, "SOLUSD": {"rsi": [59.67], "macd": [], "holdings": []}, "AVAXUSD": {"rsi": [62.39], "macd": [], "holdings": []}, "MATICUSD": {"rsi": [66.94], "macd": [0.004187018269066312, 0.004210949892998084, 0.004218927100975267, 0.004274767556815662], "holdings": []}, "XETHZUSD": {"rsi": [70.36], "macd": [21.051847062359684, 21.052644783157575, 21.052644783157575, 21.42916899968168], "holdings": []}}