{"XXBTZUSD": {"rsi": [48.93], "macd": [], "holdings": []}, "XXRPZUSD": {"rsi": [43.09], "macd": [], "holdings": []}, "ADAUSD": {"rsi": [34.39], "macd": [-0.012278989960730513, -0.011877819912070597], "holdings": []}, "SOLUSD": {"rsi": [36.49], "macd": [], "holdings": []}, "AVAXUSD": {"rsi": [33.93], "macd": [-1.4036168573221275, -1.4012236949289658, -1.3815122724321043], "holdings": []}, "MATICUSD": {"rsi": [37.08], "macd": [], "holdings": []}, "XETHZUSD": {"rsi": [38.79], "macd": [], "holdings": []}}